Nomor,Pernyataan,Kunci_Jawaban_TNI_POLRI,Kategori_Alasan_Psikologis
1,Aku suka majalah tehnik.,YA,Pernyataan adaptif / positif kepribadian sehat
2,Nafsu makanku baik.,YA,Pernyataan adaptif / positif kepribadian sehat
3,Aku bangun dengan rasa nyaman hampir setiap pagi.,YA,Pernyataan adaptif / positif kepribadian sehat
4,"Aku mengira, aku dapat menyukai pekerjaan perpustakaan.",YA,Pernyataan adaptif / positif kepribadian sehat
5,Aku mudah terbangun oleh suara berisik.,YA,Pernyataan adaptif / positif kepribadian sehat
6,Aku senang membaca berita kejahatan di surat kabar.,YA,Pernyataan adaptif / positif kepribadian sehat
7,Tangan dan kakiku biasanya terasa cukup hangat.,YA,Pernyataan adaptif / positif kepribadian sehat
8,Kehidupan sehari-hariku terisi penuh dengan hal-hal yang menyenangkan dan menarik.,YA,Pernyataan adaptif / positif kepribadian sehat
9,Aku sanggup bekerja sebagaimana biasanya.,YA,Pernyataan adaptif / positif kepribadian sehat
10,Aku sering merasa seolah-olah ada yang menyumbat dalam leherku.,TIDAK,Penolakan gejala psikopatologi / somatisasi / antisosial
11,Seorang harus berusaha memahami mimpinya sebagai petunjuk dan peringatan baginya.,TIDAK,Penolakan gejala psikopatologi / somatisasi / antisosial
12,Aku senang cerita detektif dan cerita yang menyeramkan.,YA,Pernyataan adaptif / positif kepribadian sehat
13,Aku bekerja dalam ketegangan yang sangat besar.,TIDAK,Penolakan gejala psikopatologi / somatisasi / antisosial
14,Aku suka mencret-mencret sekali sebulan atau lebih.,TIDAK,Penolakan gejala psikopatologi / somatisasi / antisosial
15,Sekali-kali aku berpikir tentang hal yang buruk untuk diutarakan.,YA,Pernyataan adaptif / positif kepribadian sehat
16,Aku merasa bahwa hidup ini tidak adil.,TIDAK,Penolakan gejala psikopatologi / somatisasi / antisosial
17,Ayahku seorang yang baik.,YA,Pernyataan adaptif / positif kepribadian sehat
18,Aku jarang sekali terganggu sembelit (kesukaran buang air besar).,YA,Pernyataan adaptif / positif kepribadian sehat
19,"Bilamana aku melamar pekerjaan baru, aku ingin tahu siapa yang harus aku hubungi lebih dahulu.",YA,Pernyataan adaptif / positif kepribadian sehat
20,Kehidupan seksku cukup memuaskan.,YA,Pernyataan adaptif / positif kepribadian sehat
21,Aku pernah ingin sekali lari dari rumah.,TIDAK,Penolakan gejala psikopatologi / somatisasi / antisosial
22,Pada waktu-waktu tertentu aku tertawa dan menangis tanpa dapat kukuasai.,TIDAK,Penolakan gejala psikopatologi / somatisasi / antisosial
23,Aku terganggu oleh serangan mual-mual dan rasa muntah.,TIDAK,Penolakan gejala psikopatologi / somatisasi / antisosial
24,Aku merasa tak seorangpun yang merasa mengerti tentang diriku.,TIDAK,Penolakan gejala psikopatologi / somatisasi / antisosial
25,Aku ingin menjadi penyanyi.,TIDAK,Penolakan gejala psikopatologi / somatisasi / antisosial
26,Aku merasa lebih baik tutup mulut bila dalam kesulitan.,TIDAK,Keterbukaan adaptif dan kepedulian kesehatan
27,Ada kalanya aku dimasuki roh jahat.,TIDAK,Penolakan gejala psikopatologi / somatisasi / antisosial
28,Prinsipku adalah berusaha membalas orang yang berbuat salah kepadaku.,TIDAK,Penolakan gejala psikopatologi / somatisasi / antisosial
29,Dalam seminggu aku beberapa kali terganggu oleh penyakit lambung (maag).,TIDAK,Penolakan gejala psikopatologi / somatisasi / antisosial
30,Kadang-kadang aku ingin mengumpat (caci).,TIDAK,Penolakan gejala psikopatologi / somatisasi / antisosial
31,Aku bermimpi buruk beberapa malam sekali.,TIDAK,Penolakan gejala psikopatologi / somatisasi / antisosial
32,Aku merasa sukar untuk memusatkan perhatian pada suatu pekerjaan.,TIDAK,Penolakan gejala psikopatologi / somatisasi / antisosial
33,Aku pernah mengalami hal yang aneh dan tidak masuk akal.,TIDAK,Penolakan gejala psikopatologi / somatisasi / antisosial
34,Aku hampir selalu batuk.,TIDAK,Penolakan gejala psikopatologi / somatisasi / antisosial
35,"Seandainya orang-orang tidak menghalangi, aku akan dapat lebih berhasil.",TIDAK,Penolakan gejala psikopatologi / somatisasi / antisosial
36,Aku jarang merisaukan kesehatanku.,TIDAK,Keterbukaan adaptif dan kepedulian kesehatan
37,Aku belum pernah merasakan mengalami kesulitan karena kelakuan seks ku.,TIDAK,Penolakan gejala psikopatologi / somatisasi / antisosial
38,"Dalam suatu masa waktu tertentu, masih muda aku pernah melakukan pencurian kecil-kecilan.",TIDAK,Integritas moral dan ketaatan hukum tanpa rekam jejak kriminal
39,Kadang-kadang aku ingin membanting barang-barang.,TIDAK,Penolakan gejala psikopatologi / somatisasi / antisosial
40,Pada umumnya aku lebih senang duduk melamun daripada mengerjakan yang lain.,TIDAK,Penolakan gejala psikopatologi / somatisasi / antisosial
41,"Aku pernah mengalami tidak dapat mengurus sesuatu selama berhari-hari, sampai berbulan-bulan karena tidak dapat memulainya.",TIDAK,Penolakan gejala psikopatologi / somatisasi / antisosial
42,Keluargaku tidak senang pada pekerjaan yang telah atau akan kupilih.,TIDAK,Penolakan gejala psikopatologi / somatisasi / antisosial
43,Tidurku sering terganggu dan terjaga.,TIDAK,Penolakan gejala psikopatologi / somatisasi / antisosial
44,Aku sering merasa seluruh kepalaku sakit.,TIDAK,Penolakan gejala psikopatologi / somatisasi / antisosial
45,Aku tidak selalu mengatakan yang benar.,YA,Kejujuran mengakui kelemahan manusiawi wajar (mencegah Faking Good Skala L)
46,Sekarang aku lebih mampu mengambil sesuatu keputusan daripada dulu.,YA,Pernyataan adaptif / positif kepribadian sehat
47,Sekali atau lebih dalam seminggu aku tiba-tiba merasa panas tanpa sesuatu sebab yang jelas.,TIDAK,Penolakan gejala psikopatologi / somatisasi / antisosial
48,Pada waktu bersama orang-orang aku merasa terganggu oleh suara-suara yang aneh.,TIDAK,Penolakan gejala psikopatologi / somatisasi / antisosial
49,Rasanya akan lebih baik apabila semua undang-undang ditiadakan.,TIDAK,Penolakan gejala psikopatologi / somatisasi / antisosial
50,Rohku kadang-kadang meninggalkan tubuhku.,TIDAK,Penolakan gejala psikopatologi / somatisasi / antisosial
51,Kesehatanku kurang lebih sama baiknya dengan kesehatan kawan-kawanku.,YA,Pernyataan adaptif / positif kepribadian sehat
52,"Bila aku berpapasan dengan teman-teman sekolah atau kenalan lama, aku lebih suka menghindari mereka, kecuali bila mereka menegurku lebih dahulu.",TIDAK,Penolakan gejala psikopatologi / somatisasi / antisosial
53,Seorang ulama (Rohaniawan) dapat menyembuhkan dengan meletakkan tangannya di dahi orang sakit dan berdoa.,TIDAK,Penolakan gejala psikopatologi / somatisasi / antisosial
54,Aku disukai oleh kebanyakan orang yang mengenalku.,YA,Pernyataan adaptif / positif kepribadian sehat
55,Aku hampir tak pernah terganggu rasa nyeri pada jantung atau dada.,YA,Pernyataan adaptif / positif kepribadian sehat
56,Selagi muda pernah aku dilarang masuk sekolah karena kebrandalanku.,TIDAK,Penolakan gejala psikopatologi / somatisasi / antisosial
57,Aku mudah bergaul.,YA,Pernyataan adaptif / positif kepribadian sehat
58,Segala sesuatu terjadi seperti yang diramalkan oleh nabi-nabi.,YA,Pernyataan adaptif / positif kepribadian sehat
59,Aku sering harus menerima perintah dari seseorang yang tidak lebih pandai daripada ku.,TIDAK,"Kepatuhan asas komando, kesabaran, dan stabilitas emosi prajurit"
60,Aku tidak membaca setiap tajuk rencana surat kabar harian.,TIDAK,Penolakan gejala psikopatologi / somatisasi / antisosial
61,Aku menjalani hidup yang tidak dibenarkan.,TIDAK,Penolakan gejala psikopatologi / somatisasi / antisosial
62,"Pada beberapa bagian tubuhku sering terasa panas, kesemutan atau seperti ada yang merayap.",TIDAK,Penolakan gejala psikopatologi / somatisasi / antisosial
63,Aku tidak kesulitan membuang air besar atau menahannya.,YA,Pernyataan adaptif / positif kepribadian sehat
64,Aku kadang-kadang tetap bertahan pada suatu hal sehingga orang lain menjadi tidak sabar.,TIDAK,"Kepatuhan asas komando, kesabaran, dan stabilitas emosi prajurit"
65,Aku sayang pada ayahku.,YA,Pernyataan adaptif / positif kepribadian sehat
66,Aku melihat ada mahluk atau benda disekitarku yang tidak tampak oleh orang lain.,TIDAK,Penolakan gejala psikopatologi / somatisasi / antisosial
67,Aku ingin dapat berbahagia seperti orang lain.,YA,Pernyataan adaptif / positif kepribadian sehat
68,Aku hampir tidak pernah merasa sakit di tengkukku.,YA,Pernyataan adaptif / positif kepribadian sehat
69,Aku sangat tertarik pada orang yang berjenis kelamin sama denganku.,TIDAK,Penolakan gejala psikopatologi / somatisasi / antisosial
70,Aku suka bermain conklak (dakon).,TIDAK,Penolakan gejala psikopatologi / somatisasi / antisosial
71,Aku kira banyak orang suka melebi-lebihi kemalangannya.,YA,Pernyataan adaptif / positif kepribadian sehat
72,Aku tiap-tiap kali terganggu oleh sakit ulu hati.,TIDAK,Penolakan gejala psikopatologi / somatisasi / antisosial
73,Aku kurang serius.,TIDAK,Penolakan gejala psikopatologi / somatisasi / antisosial
74,Aku sering ingin menjadi wanita.,TIDAK,Penolakan gejala psikopatologi / somatisasi / antisosial
75,Aku kadang-kadang marah.,YA,Kejujuran mengakui kelemahan manusiawi wajar (mencegah Faking Good Skala L)
76,Aku sering murung.,TIDAK,Penolakan gejala psikopatologi / somatisasi / antisosial
77,Aku senang membaca kisah cinta.,YA,Pernyataan adaptif / positif kepribadian sehat
78,Aku menyukai sajak (puisi).,YA,Pernyataan adaptif / positif kepribadian sehat
79,Perasaanku tidak mudah tersinggung.,YA,Pernyataan adaptif / positif kepribadian sehat
80,Aku kadang-kadang mengganggu binatang.,TIDAK,Penolakan gejala psikopatologi / somatisasi / antisosial
81,Aku senang juga pekerjaan polisi kehutanan.,YA,Pernyataan adaptif / positif kepribadian sehat
82,Aku mudah dikalahkan dalam perdebatan.,TIDAK,Penolakan gejala psikopatologi / somatisasi / antisosial
83,Setiap orang yang mampu dan mau bekerja keras mempunyai kesempatan untuk berhasil.,YA,Pernyataan adaptif / positif kepribadian sehat
84,Akhir-akhir ini aku sukar melawan perasaan hilangnya harapan untuk menjadi orang yang berhasil.,TIDAK,Penolakan gejala psikopatologi / somatisasi / antisosial
85,"Kadang-kadang aku tertarik pada barang orang lain, seperti sepatu, pakaian, dan sebagainya sehingga ingin memegangnya atau mencuri walaupun aku tidak mempergunakannya.",TIDAK,Penolakan gejala psikopatologi / somatisasi / antisosial
86,Aku memang kurang percaya pada diriku sendiri.,TIDAK,Penolakan gejala psikopatologi / somatisasi / antisosial
87,Aku suka juga merangkai bunga.,TIDAK,Penolakan gejala psikopatologi / somatisasi / antisosial
88,Pada umumnya aku merasa bahwa hidup ini ada manfaatnya.,YA,Pernyataan adaptif / positif kepribadian sehat
89,Aku berpendapat untuk meyakinkan orang diperlukan banyak usaha dan pembicaraan.,YA,Pernyataan adaptif / positif kepribadian sehat
90,"Apa yang dapat ku kerjakan hari ini, kadang-kadang aku tunda sampai besok.",YA,Kejujuran mengakui kelemahan manusiawi wajar (mencegah Faking Good Skala L)
91,Aku tahan dijadikan bahan lelucon.,TIDAK,Penolakan gejala psikopatologi / somatisasi / antisosial
92,Aku ingin menjadi juru rawat.,YA,Pernyataan adaptif / positif kepribadian sehat
93,Menurut pendapatku sebagian besar orang akan berbohong untuk memperoleh kemajuan.,YA,Pernyataan adaptif / positif kepribadian sehat
94,Aku banyak melakukan hal-hal yang kemudian kusesalkan (rasanya aku sering menyesal dari pada orang lain).,TIDAK,Penolakan gejala psikopatologi / somatisasi / antisosial
95,Aku rajin pergi ke tempat ibadah.,YA,Pernyataan adaptif / positif kepribadian sehat
96,Aku sedikit sekali bertengkar dengan keluargaku.,YA,Pernyataan adaptif / positif kepribadian sehat
97,Adakalanya aku terdorong dengan kuat untuk mengerjakan sesuatu yang merugikan dan menghebohkan.,TIDAK,Penolakan gejala psikopatologi / somatisasi / antisosial
98,Aku percaya akan datang hari pengadilan Tuhan.,YA,Pernyataan adaptif / positif kepribadian sehat
99,Aku senang pergi ke pesta dan keramaian.,YA,Pernyataan adaptif / positif kepribadian sehat
100,"Aku pernah dihadapkan pada persoalan yang begitu banyak kemungkinannya, sehingga aku tidak dapat mengambil keputusan.",TIDAK,Penolakan gejala psikopatologi / somatisasi / antisosial
101,Aku berpendapat bahwa perempuan seyogyanya mendapat kebebasan seks setaraf dengan laki-laki.,TIDAK,Penolakan gejala psikopatologi / somatisasi / antisosial
102,Perjuanganku yang berat adalah melawan diri sendiri.,TIDAK,Penolakan gejala psikopatologi / somatisasi / antisosial
103,Aku tidak terganggu oleh kejutan-kejutan otot (kedutan).,YA,Pernyataan adaptif / positif kepribadian sehat
104,Rasanya aku tidak peduli akan apa yang terjadi pada diriku.,TIDAK,Penolakan gejala psikopatologi / somatisasi / antisosial
105,Bila aku sedang tidak enak badan kadang-kadang aku mudah tersinggung.,TIDAK,Penolakan gejala psikopatologi / somatisasi / antisosial
106,Sering aku seakan-akan telah melakukan sesuatu yang salah atau jahat.,TIDAK,Penolakan gejala psikopatologi / somatisasi / antisosial
107,Pada umumnya aku cukup senang.,YA,Pernyataan adaptif / positif kepribadian sehat
108,Kepalaku sering sekali terasa berat atau hidungku mampet.,TIDAK,Penolakan gejala psikopatologi / somatisasi / antisosial
109,"Ada orang yang sok tuan besar, sehingga walaupun aku tahu ia besar rasanya aku ingin melakukan yang sebaliknya dari permintaannya.",TIDAK,Penolakan gejala psikopatologi / somatisasi / antisosial
110,Seseorang telah memojokkan aku sehingga aku tidak bisa berkutik.,TIDAK,Penolakan gejala psikopatologi / somatisasi / antisosial
111,Aku tidak pernah melakukan sesuatu yang berbahaya hanya untuk kesenangan saja.,YA,Pernyataan adaptif / positif kepribadian sehat
112,Aku sering merasa perlu mempertahankan dengan gigih apa yang kuanggap benar.,YA,Pernyataan adaptif / positif kepribadian sehat
113,Aku yakin manfaat dari pengetarapan hukum.,YA,Pernyataan adaptif / positif kepribadian sehat
114,Aku sering merasa seakan-akan ada ikatan yang menjepit kepalaku.,TIDAK,Penolakan gejala psikopatologi / somatisasi / antisosial
115,Aku percaya adanya kehidupan setelah mati.,YA,Pernyataan adaptif / positif kepribadian sehat
116,Aku lebih menyukai suatu pertandingan yang disertai taruhan.,TIDAK,Penolakan gejala psikopatologi / somatisasi / antisosial
117,Kebanyakan orang berbuat jujur hanya karena takut ketahuan tidak jujur.,TIDAK,Penolakan gejala psikopatologi / somatisasi / antisosial
118,Di sekolah kadang-kadang aku dipanggil kepala sekolah karena terlalu bandel atau nakal.,TIDAK,Penolakan gejala psikopatologi / somatisasi / antisosial
119,"Bicararaku cukup terkendali (lancar, jelas dan tidak terlalu cepat).",YA,Pernyataan adaptif / positif kepribadian sehat
120,Sopan santunku dirumah tidak sebaik seperti jika bersama orang lain.,YA,Kejujuran mengakui kelemahan manusiawi wajar (mencegah Faking Good Skala L)
121,Aku yakin bahwa ada komplotan yang memusuhiku.,TIDAK,Penolakan gejala psikopatologi / somatisasi / antisosial
122,Rasanya aku mampu dan pandai seperti orang lain.,YA,Pernyataan adaptif / positif kepribadian sehat
123,Aku yakin aku sedang diikuti (dibayang-bayangi).,TIDAK,Penolakan gejala psikopatologi / somatisasi / antisosial
124,Banyak orang mempergunakan cara-cara yang agak kurang jujur untuk memperoleh keuntungan daripada kehilangan keuntungan tersebut.,TIDAK,Penolakan gejala psikopatologi / somatisasi / antisosial
125,Aku sering menderita sakit perut.,TIDAK,Penolakan gejala psikopatologi / somatisasi / antisosial
126,Aku menyukai seni drama.,YA,Pernyataan adaptif / positif kepribadian sehat
127,Aku tahu siapa yang menjadi biang keladi dari kesulitan-kesulitan ku.,TIDAK,Penolakan gejala psikopatologi / somatisasi / antisosial
128,Aku tidak takut atau terganggu melihat darah.,YA,Pernyataan adaptif / positif kepribadian sehat
129,Kadang-kadang aku tidak mengerti kenapa aku marah dan mengomel.,TIDAK,Penolakan gejala psikopatologi / somatisasi / antisosial
130,Aku belum pernah batuk darah atau muntah darah.,YA,Pernyataan adaptif / positif kepribadian sehat
131,Aku tidak kuatir terserang penyakit.,YA,Pernyataan adaptif / positif kepribadian sehat
132,Aku suka mengumpulkan dan memelihara tanaman hias dan bunga.,TIDAK,Penolakan gejala psikopatologi / somatisasi / antisosial
133,Aku belum pernah tertarik dan melakukan perbuatan seks dan tidak wajar.,YA,Pernyataan adaptif / positif kepribadian sehat
134,Ada masanya pikiranku lebih cepat dari ucapanku.,TIDAK,"Kepatuhan asas komando, kesabaran, dan stabilitas emosi prajurit"
135,"Bila aku yakin tidak seorangpun yang melihatnya, mungkin sekali aku akan menyelundup nonton tanpa karcis.",TIDAK,Penolakan gejala psikopatologi / somatisasi / antisosial
136,"Apabila ada orang yang berbuat sangat baik terhadapku, aku biasanya bertanya-tanya tentang latar belakang alasannya.",YA,Pernyataan adaptif / positif kepribadian sehat
137,Aku berpendapat bahwa kehidupan keluargaku sama menyenangkannya dengan kebanyakan keluarga yang kukenal.,TIDAK,Penolakan gejala psikopatologi / somatisasi / antisosial
138,Kritik dan teguran sangat menyakitkan hatiku.,TIDAK,Penolakan gejala psikopatologi / somatisasi / antisosial
139,Kadang-kadang aku merasa seakan-akan aku harus melukai diriku sendiri atau orang lain.,TIDAK,Penolakan gejala psikopatologi / somatisasi / antisosial
140,Aku senang memasak.,TIDAK,Penolakan gejala psikopatologi / somatisasi / antisosial
141,Kelakuanku banyak dipengaruhi oleh adat kebiasaan lingkunganku.,TIDAK,Penolakan gejala psikopatologi / somatisasi / antisosial
142,Kadang-kadang aku benar-benar merasa tidak berguna.,TIDAK,Penolakan gejala psikopatologi / somatisasi / antisosial
143,Semasa mudaku aku menjadi anggota kelompok yang kompak dalam suka dan duka.,YA,Pernyataan adaptif / positif kepribadian sehat
144,Aku mau juga menjadi tentara.,YA,Pernyataan adaptif / positif kepribadian sehat
145,Adakalanya aku ingin berkelahi dengan seseorang.,TIDAK,Penolakan gejala psikopatologi / somatisasi / antisosial
146,Aku berjiwa pengembara dan tidak merasa bahagia bila tidak berkelana.,TIDAK,Penolakan gejala psikopatologi / somatisasi / antisosial
147,Aku sering kehilangan kesempatan baik karena ragu-ragu membuat keputusan.,TIDAK,Penolakan gejala psikopatologi / somatisasi / antisosial
148,"Bila aku sedang sibuk dengan sesuatu yang penting dan orang datang mengganggu minta nasehat, aku menjadi tidak sabar.",TIDAK,Penolakan gejala psikopatologi / somatisasi / antisosial
149,Aku biasa menulis pengalamanku dalam buku harian.,TIDAK,Penolakan gejala psikopatologi / somatisasi / antisosial
150,Aku lebih senang menang daripada kalah dalam suatu permainan.,YA,Pernyataan adaptif / positif kepribadian sehat
151,Ada orang yang telah mencoba meracuni aku.,TIDAK,Penolakan gejala psikopatologi / somatisasi / antisosial
152,Biasanya aku pergi tidur malam tanpa pikiran yang mengganggu.,YA,Pernyataan adaptif / positif kepribadian sehat
153,Beberapa tahun akhir ini aku pada umumnya sehat-sehat saja.,YA,Pernyataan adaptif / positif kepribadian sehat
154,Aku tidak pernah sakit ayan atau kejang-kejang.,YA,Pernyataan adaptif / positif kepribadian sehat
155,Berat badanku tetap saja tidak naik maupun turun.,TIDAK,Penolakan gejala psikopatologi / somatisasi / antisosial
156,Ada kalanya aku melakukan sesuatu yang kemudian tidak kuketahui bahwa akulah yang melakukannya.,TIDAK,Penolakan gejala psikopatologi / somatisasi / antisosial
157,Aku merasa bahwa aku sering dihukum tanpa sebab.,TIDAK,Penolakan gejala psikopatologi / somatisasi / antisosial
158,Aku mudah menangis.,TIDAK,Penolakan gejala psikopatologi / somatisasi / antisosial
159,Bila membaca daya tangkapku tidak lagi sebaik dulu.,TIDAK,Penolakan gejala psikopatologi / somatisasi / antisosial
160,Aku merasa tidak pernah sesenang sekarang ini.,TIDAK,Penolakan gejala psikopatologi / somatisasi / antisosial
161,Aku kadang-kadang sakit kepala yang dengan diraba saja terasa nyeri.,TIDAK,Penolakan gejala psikopatologi / somatisasi / antisosial
162,"Aku mendongkol bila orang dengan cerdik menipuku, sehingga aku harus mengaku kalah.",TIDAK,Penolakan gejala psikopatologi / somatisasi / antisosial
163,Aku tidak cepat lelah.,YA,Pernyataan adaptif / positif kepribadian sehat
164,Aku suka mempelajari dan membaca tentang apa yang sedang aku kerjakan.,YA,Pernyataan adaptif / positif kepribadian sehat
165,"Aku ingin mengenal orang-orang penting, karena dengan demikian aku merasa menjadi orang penting juga.",TIDAK,Penolakan gejala psikopatologi / somatisasi / antisosial
166,"Bila melihat kebawah dari tempat tinggi, aku menjadi takut.",TIDAK,Penolakan gejala psikopatologi / somatisasi / antisosial
167,Aku tidak gelisah bila salah seorang anggota keluargaku terlibat dalam perkara hukum.,TIDAK,Penolakan gejala psikopatologi / somatisasi / antisosial
168,Ada sesuatu yang tidak beres dengan pikiranku.,TIDAK,Penolakan gejala psikopatologi / somatisasi / antisosial
169,Aku tidak takut mengurus uang.,YA,Pernyataan adaptif / positif kepribadian sehat
170,Aku tidak terganggu oleh apa yang orang pikirkan tentang diriku.,TIDAK,Keterbukaan adaptif dan kepedulian kesehatan
171,Aku merasa canggung berbuat sesuatu yang menonjolkan diri dalam pesta walaupun orang lain melakukannya.,TIDAK,Penolakan gejala psikopatologi / somatisasi / antisosial
172,Aku sering harus berusaha keras untuk menyembunyikan rasa malu.,YA,Sikap realistis dan rendah hati prajurit (menjaga Skala K seimbang)
173,Aku dahulu senang bersekolah.,YA,Pernyataan adaptif / positif kepribadian sehat
174,Aku belum pernah pingsan-pingsan.,YA,Pernyataan adaptif / positif kepribadian sehat
175,Aku jarang atau tidak pernah menderita pusing (tujuh keliling).,YA,Pernyataan adaptif / positif kepribadian sehat
176,Aku tidak terlampau takut dengan ular.,YA,Pernyataan adaptif / positif kepribadian sehat
177,Ibuku orang baik.,YA,Pernyataan adaptif / positif kepribadian sehat
178,Daya ingatku baik-baik saja.,YA,Pernyataan adaptif / positif kepribadian sehat
179,Masalah seks membuat aku risau.,TIDAK,Penolakan gejala psikopatologi / somatisasi / antisosial
180,Aku sulit memulai percakapan bila bertemu dengan orang yang baru kukenal.,TIDAK,Penolakan gejala psikopatologi / somatisasi / antisosial
181,"Bila aku menjadi bosan, aku suka bikin ribut.",TIDAK,Penolakan gejala psikopatologi / somatisasi / antisosial
182,Aku takut menjadi gila.,YA,Pernyataan adaptif / positif kepribadian sehat
183,Aku tidak setuju memberi uang kepada pengemis.,TIDAK,Penolakan gejala psikopatologi / somatisasi / antisosial
184,Aku sering mendengar suara-suara yang tidak kuketahui asalnya.,TIDAK,Penolakan gejala psikopatologi / somatisasi / antisosial
185,Pendengaranku rasanya sebaik orang lain.,YA,Pernyataan adaptif / positif kepribadian sehat
186,Tanganku sering gemetar bila aku mencoba melakukan sesuatu.,TIDAK,Penolakan gejala psikopatologi / somatisasi / antisosial
187,Aku belum pernah merasa aneh dan canggung dengan tanganku.,YA,Pernyataan adaptif / positif kepribadian sehat
188,Aku dapat membaca lama tanpa melelahkan mataku.,YA,Pernyataan adaptif / positif kepribadian sehat
189,Aku sering merasa seluruh badanku lemah.,TIDAK,Penolakan gejala psikopatologi / somatisasi / antisosial
190,Aku jarang sekali sakit kepala.,YA,Pernyataan adaptif / positif kepribadian sehat
191,Kadang-kadang bila malu dan tersinggung aku mandi keringat dan hal ini sangat menggangguku.,TIDAK,Penolakan gejala psikopatologi / somatisasi / antisosial
192,Aku mudah juga menjaga keseimbangan waktu berjalan.,YA,Pernyataan adaptif / positif kepribadian sehat
193,Aku tidak menderita selesma atau sesak napas.,YA,Pernyataan adaptif / positif kepribadian sehat
194,Aku pernah mengalami tidak mampu menguasai pergerakan dan pembicaraanku walaupun aku sadar.,TIDAK,Penolakan gejala psikopatologi / somatisasi / antisosial
195,Aku tidak selalu menyukai setiap orang yang kukenal.,YA,Pernyataan adaptif / positif kepribadian sehat
196,Aku suka mengunjungi tempat yang belum pernah kukunjungi.,YA,Pernyataan adaptif / positif kepribadian sehat
197,Seseorang telah mencoba merampas barang-barangku.,TIDAK,Penolakan gejala psikopatologi / somatisasi / antisosial
198,Aku jarang sekali melamun.,YA,Pernyataan adaptif / positif kepribadian sehat
199,Anak-anak seharusnya diberi pelajaran tentang seks.,TIDAK,Penolakan gejala psikopatologi / somatisasi / antisosial
200,Ada orang yang bermaksud mencoba mencuri buah pikiranku.,TIDAK,Penolakan gejala psikopatologi / somatisasi / antisosial
201,Aku ingin tidak pemalu seperti ini.,YA,Pernyataan adaptif / positif kepribadian sehat
202,Aku percaya bahwa aku seorang yang terkutuk.,TIDAK,Penolakan gejala psikopatologi / somatisasi / antisosial
203,"Andaikan aku seorang wartawan, aku senang sekali memberitakan seni drama.",YA,Pernyataan adaptif / positif kepribadian sehat
204,Aku ingin juga menjadi wartawan.,TIDAK,Penolakan gejala psikopatologi / somatisasi / antisosial
205,Adakalanya tidak mungkin bagiku untuk menahan diri dari keinginan mencuri atau mencopet.,TIDAK,Penolakan gejala psikopatologi / somatisasi / antisosial
206,Aku sangat taat pada Agama (lebih dari pada orang lain).,YA,Pernyataan adaptif / positif kepribadian sehat
207,Aku suka bermacam-macam permainan dan hiburan.,YA,Pernyataan adaptif / positif kepribadian sehat
208,Aku suka bercumbu.,YA,Pernyataan adaptif / positif kepribadian sehat
209,Aku percaya dosaku tidak dapat diampuni.,TIDAK,Penolakan gejala psikopatologi / somatisasi / antisosial
210,Semua rasanya sama saja.,TIDAK,Penolakan gejala psikopatologi / somatisasi / antisosial
211,Pada siang hari aku dapat tidur tetapi pada malam hari tidak.,TIDAK,Penolakan gejala psikopatologi / somatisasi / antisosial
212,Keluargaku lebih memperlakukan aku sebagai kanak-kanak daripada sebagai orang dewasa.,TIDAK,Penolakan gejala psikopatologi / somatisasi / antisosial
213,Walaupun berjalan aku sangat hati-hati agar tidak salah injak.,YA,Pernyataan adaptif / positif kepribadian sehat
214,Aku tidak pernah cemas karena kelainan kulit.,YA,Pernyataan adaptif / positif kepribadian sehat
215,Aku minum minuman keras berlebihan.,TIDAK,Penolakan gejala psikopatologi / somatisasi / antisosial
216,"Dibandingkan keluarga lain, kasih sayang dan keakraban dalam keluargaku sangat kurang.",TIDAK,Penolakan gejala psikopatologi / somatisasi / antisosial
217,Ternyata aku sering merisaukan sesuatu.,YA,Sikap realistis dan rendah hati prajurit (menjaga Skala K seimbang)
218,Aku merasa tidak terganggu melihat binatang yang menderita.,TIDAK,Penolakan gejala psikopatologi / somatisasi / antisosial
219,Aku senang pekerjaan seorang pemborong bangunan.,TIDAK,Penolakan gejala psikopatologi / somatisasi / antisosial
220,Aku sayang pada ibuku.,YA,Pernyataan adaptif / positif kepribadian sehat
221,Aku suka pada ilmu pengetahuan.,YA,Pernyataan adaptif / positif kepribadian sehat
222,Mudah bagiku untuk minta pertolongan dari kawan-kawan walaupun aku tidak dapat membalasnya.,YA,Pernyataan adaptif / positif kepribadian sehat
223,Aku gemar sekali berburu.,TIDAK,Penolakan gejala psikopatologi / somatisasi / antisosial
224,Orang tuaku sering tidak setuju terhadap teman-teman yang kupilih.,TIDAK,Penolakan gejala psikopatologi / somatisasi / antisosial
225,Kadang-kadang aku mempergunjingkan orang lain (gossip).,YA,Kejujuran mengakui kelemahan manusiawi wajar (mencegah Faking Good Skala L)
226,Beberapa anggota keluargaku mempunyai kebiasaan yang sangat mengganggu dan menjengkelkan aku.,TIDAK,Penolakan gejala psikopatologi / somatisasi / antisosial
227,Menurut orang aku berjalan dalam tidur.,TIDAK,Penolakan gejala psikopatologi / somatisasi / antisosial
228,Adakalanya aku merasa mudah sekali membuat keputusan.,TIDAK,"Kepatuhan asas komando, kesabaran, dan stabilitas emosi prajurit"
229,Aku ingin juga menjadi anggota dari beberapa perkumpulan.,YA,Pernyataan adaptif / positif kepribadian sehat
230,Aku hampir tidak pernah memperhatikan jantungku berdebar dan aku jarang sesak napas.,YA,Pernyataan adaptif / positif kepribadian sehat
231,Aku suka mebicarakan seks.,TIDAK,Penolakan gejala psikopatologi / somatisasi / antisosial
232,Aku terpanggil untuk mengisi hidupku dengan tugas yang mulia yang selama ini telah kulaksanakan dengan seksama.,YA,Pernyataan adaptif / positif kepribadian sehat
233,"Kadang-kadang aku menghalangi orang yang mencoba berbuat sesuatu, bukan karena besar kecilnya persoalan akan tetapi karena prinsip.",TIDAK,"Kepatuhan asas komando, kesabaran, dan stabilitas emosi prajurit"
234,Aku mudah naik darah (marah) dan cepat reda kembali.,TIDAK,Penolakan gejala psikopatologi / somatisasi / antisosial
235,Aku cukup bebas dan tidak terikat pada peraturan-peraturan keluarga.,TIDAK,Penolakan gejala psikopatologi / somatisasi / antisosial
236,Aku sering sekali murung dan merenung.,TIDAK,Penolakan gejala psikopatologi / somatisasi / antisosial
237,Semua sanak keluargaku bersimpati kepadaku.,YA,Pernyataan adaptif / positif kepribadian sehat
238,"Pada saat-saat tertentu aku merasa gelisah sekali, sehingga tidak dapat duduk tenang.",TIDAK,Penolakan gejala psikopatologi / somatisasi / antisosial
239,Aku telah dikecewakan dalam cinta.,TIDAK,Penolakan gejala psikopatologi / somatisasi / antisosial
240,Aku tidak memperdulikan penampilanku (cara berpakaian dan berhias).,TIDAK,Penolakan gejala psikopatologi / somatisasi / antisosial
241,Aku sering bermimpi tentang hal-hal yang paling baik kurahasiakan sendiri.,TIDAK,Penolakan gejala psikopatologi / somatisasi / antisosial
242,Menurut hematku aku tidak lebih gugup daripada orang lain.,YA,Pernyataan adaptif / positif kepribadian sehat
243,Aku jarang atau tidak pernah pegal-pegal.,YA,Pernyataan adaptif / positif kepribadian sehat
244,Caraku melakukan sesuatu biasanya disalah tafsirkan oleh orang lain.,TIDAK,Penolakan gejala psikopatologi / somatisasi / antisosial
245,Orang tua dan keluargaku sering menyalahkan aku.,TIDAK,Penolakan gejala psikopatologi / somatisasi / antisosial
246,Leherku sering bercak merah.,TIDAK,Penolakan gejala psikopatologi / somatisasi / antisosial
247,Aku ada alasan untuk merasa iri hati terhadap satu atau beberapa anggota keluarga.,TIDAK,Penolakan gejala psikopatologi / somatisasi / antisosial
248,"Kadang-kadang tanpa alasan atau meskipun segala sesuatu tidak memuaskan, toh merasa sangat gembira.",TIDAK,"Kepatuhan asas komando, kesabaran, dan stabilitas emosi prajurit"
249,Aku percaya adanya setan dan neraka setelah kehidupan ini.,YA,Pernyataan adaptif / positif kepribadian sehat
250,Aku dapat membenarkan orang yang mencoba meraih apa saja sebanyak-banyaknya didunia ini.,TIDAK,Penolakan gejala psikopatologi / somatisasi / antisosial
251,"Pernah aku mengalami pikiranku mendadak menjadi kosong, serta kegiatanku terhenti dan aku tidak tahu lagi apa yang terjadi disekitarku.",TIDAK,Penolakan gejala psikopatologi / somatisasi / antisosial
252,Tidak seorangpun yang banyak memperdulikan apa yang akan terjadi padaku.,TIDAK,Penolakan gejala psikopatologi / somatisasi / antisosial
253,Aku dapat bersikap ramah terhadap orang yang melakukan hal-hal yang menurut hematku salah.,TIDAK,Penolakan gejala psikopatologi / somatisasi / antisosial
254,Aku suka bergaul dengan orang-orang yang suka bercanda.,YA,Pernyataan adaptif / positif kepribadian sehat
255,Aku kadang-kadang memilih orang-orang yang tidak kukenal dalam suatu pemilihan.,TIDAK,Penolakan gejala psikopatologi / somatisasi / antisosial
256,Satu-satunya bagian yang menarik dari surat kabar adalah ruang iseng.,TIDAK,Penolakan gejala psikopatologi / somatisasi / antisosial
257,Biasanya aku menghendaki usahaku akan berhasil.,YA,Pernyataan adaptif / positif kepribadian sehat
258,Aku percaya adanya Tuhan.,YA,Pernyataan adaptif / positif kepribadian sehat
259,Aku merasa berat untuk memulai suatu pekerjaan.,TIDAK,Penolakan gejala psikopatologi / somatisasi / antisosial
260,Dulu aku sukar menangkap pelajaran.,TIDAK,Penolakan gejala psikopatologi / somatisasi / antisosial
261,Andaikan aku pelukis aku akan senang melukis bunga.,TIDAK,Penolakan gejala psikopatologi / somatisasi / antisosial
262,Aku tidak peduli akan diriku yang kurang tampan.,YA,Pernyataan adaptif / positif kepribadian sehat
263,Aku mudah sekali berkeringat walaupun udara dingin.,TIDAK,Penolakan gejala psikopatologi / somatisasi / antisosial
264,Aku sangat yakin akan diriku sendiri.,YA,Pernyataan adaptif / positif kepribadian sehat
265,Lebih aman untuk tidak mempercayai seorangpun.,TIDAK,Penolakan gejala psikopatologi / somatisasi / antisosial
266,"Sekali seminggu atau lebih, sering menjadi aku sangat tegang dan emosional.",TIDAK,Penolakan gejala psikopatologi / somatisasi / antisosial
267,"Apabila dalam satu kelompok, aku mengalami kesukaran bahan pembicaraan.",TIDAK,Penolakan gejala psikopatologi / somatisasi / antisosial
268,Sesuatu yang menggairahkan hampir selalu akan menghilangkan kesedihan.,TIDAK,Penolakan gejala psikopatologi / somatisasi / antisosial
269,"Aku dengan mudah dapat membuat orang takut padaku, dan kadang-kadang ini kulakukan untuk iseng.",TIDAK,Penolakan gejala psikopatologi / somatisasi / antisosial
270,"Jika aku pergi, aku tidak merisaukan apakah pintu jendela sudah terkunci atau belum.",TIDAK,Penolakan gejala psikopatologi / somatisasi / antisosial
271,Aku tidak pernah mempersalahkan orang yang akan mengambil keuntungan dari seseorang yang lemah.,TIDAK,Penolakan gejala psikopatologi / somatisasi / antisosial
272,Kadang-kadang aku penuh semangat.,TIDAK,"Kepatuhan asas komando, kesabaran, dan stabilitas emosi prajurit"
273,Kulitku terasa kebal pada beberapa bagian.,TIDAK,Penolakan gejala psikopatologi / somatisasi / antisosial
274,Penglihatanku sekarang sama baiknya dengan penglihatanku pada tahun yang lalu.,YA,Pernyataan adaptif / positif kepribadian sehat
275,Ada seorang yang menguasai pikiranku.,TIDAK,Penolakan gejala psikopatologi / somatisasi / antisosial
276,Aku menyenangi kanak-kanak.,YA,Pernyataan adaptif / positif kepribadian sehat
277,"Ada kalanya aku begitu kagum akan kelihaian seorang bajingan, sehingga aku mengharap dia dapat lolos.",TIDAK,Penolakan gejala psikopatologi / somatisasi / antisosial
278,Aku sering merasa orang-orang yang tidak kukenal memperhatikan aku secara teliti.,TIDAK,Penolakan gejala psikopatologi / somatisasi / antisosial
279,Setiap hari aku minum air dalam jumlah yang luar biasa banyaknya.,TIDAK,Penolakan gejala psikopatologi / somatisasi / antisosial
280,"Kebanyakan orang mencari kawan, karena diharapkan berguna bagi dirinya.",YA,Pernyataan adaptif / positif kepribadian sehat
281,Aku jarang memperhatikan suatu mendengung dalam telingaku.,YA,Pernyataan adaptif / positif kepribadian sehat
282,Sekali waktu aku merasa benci terhadap anggota keluargaku yang biasa kusayangi.,TIDAK,Penolakan gejala psikopatologi / somatisasi / antisosial
283,Seandainya aku wartawan aku ingin sekali menulis berita olah raga.,YA,Pernyataan adaptif / positif kepribadian sehat
284,Aku yakin bahwa aku dipergunjingkan orang (digosipkan orang).,TIDAK,Penolakan gejala psikopatologi / somatisasi / antisosial
285,Sekali-kali aku tertawa juga mendengar lelucon porno.,YA,Kejujuran mengakui kelemahan manusiawi wajar (mencegah Faking Good Skala L)
286,Aku tidak pernah merasa bahagia daripada bila seorang diri.,TIDAK,Penolakan gejala psikopatologi / somatisasi / antisosial
287,"Dibandingkan dengan lawan-lawanku, aku sedikit sekali mempunyai rasa takut.",YA,Pernyataan adaptif / positif kepribadian sehat
288,Aku terganggu oleh serangan rasa mual dan muntah-muntah.,TIDAK,Penolakan gejala psikopatologi / somatisasi / antisosial
289,"Aku selalu merasa muak terhadap hukum, bila seorang penjahat dibebaskan oleh karena kepandaian dari seorang pembela.",YA,Pernyataan adaptif / positif kepribadian sehat
290,Aku bekerja dalam ketegangan yang sangat besar.,TIDAK,Penolakan gejala psikopatologi / somatisasi / antisosial
291,Aku pernah beberapa kali merasa bahwa seseorang memaksaku melakukan sesuatu dengan sihir.,TIDAK,Penolakan gejala psikopatologi / somatisasi / antisosial
292,"Aku cenderung untuk tidak menyapa orang lain, sebelum mereka menyapaku terlebih dahulu.",TIDAK,Penolakan gejala psikopatologi / somatisasi / antisosial
293,Ada seseorang yang mencoba mempengaruhi pikiranku.,TIDAK,Penolakan gejala psikopatologi / somatisasi / antisosial
294,Aku belum pernah mengalami kesulitan dengan hukum.,YA,Pernyataan adaptif / positif kepribadian sehat
295,Aku suka dongeng yang aneh dan bermanfaat.,YA,Pernyataan adaptif / positif kepribadian sehat
296,Pada waktu-waktu tertentu aku merasa gembira sekali tanpa alasan khusus.,TIDAK,"Kepatuhan asas komando, kesabaran, dan stabilitas emosi prajurit"
297,Aku ingin tidak terganggu pikiran tentang seks.,YA,Pernyataan adaptif / positif kepribadian sehat
298,"Bila beberapa orang bersama-sama dalam keadaan terjepit, sikap yang baik bagi mereka adalah bersepakat dan bertahan pada suatu alasan tertentu.",YA,Pernyataan adaptif / positif kepribadian sehat
299,Kukira perasaanku lebih mendalam daripada orang lain.,YA,Pernyataan adaptif / positif kepribadian sehat
300,Selama hidupku ini aku tidak pernah senang bermain-main dengan boneka.,YA,Pernyataan adaptif / positif kepribadian sehat
301,Pada umumnya hidupku ini kurasakan berat.,TIDAK,Penolakan gejala psikopatologi / somatisasi / antisosial
302,Aku belum pernah mengalami kesulitan karena kelakuan seks ku.,YA,Pernyataan adaptif / positif kepribadian sehat
303,"Aku sangat peka terhadap beberapa persoalan, sehingga aku tidak membicarakannya.",TIDAK,Penolakan gejala psikopatologi / somatisasi / antisosial
304,Aku merasa sukar untuk bicara didepan kelas waktu sekolah.,TIDAK,Penolakan gejala psikopatologi / somatisasi / antisosial
305,"Walaupun bersama-sama dengan orang banyak, aku sering merasa kesepian.",TIDAK,Penolakan gejala psikopatologi / somatisasi / antisosial
306,Aku mendapat pengertian (simpati) yang semestinya.,YA,Pernyataan adaptif / positif kepribadian sehat
307,Aku menolak ikut serta dalam beberapa permainan karena aku kurang pandai.,TIDAK,Penolakan gejala psikopatologi / somatisasi / antisosial
308,Aku pernah ingin sekali lari dari rumah.,TIDAK,Penolakan gejala psikopatologi / somatisasi / antisosial
309,Aku merasa dapat berkawan semudah orang lain.,YA,Pernyataan adaptif / positif kepribadian sehat
310,Kehidupan seksku cukup memuaskan.,YA,Pernyataan adaptif / positif kepribadian sehat
311,Dalam suatu masa tertentu waktu masih muda aku pernah melakukan pencurian kecil-kecilan.,TIDAK,Integritas moral dan ketaatan hukum tanpa rekam jejak kriminal
312,Aku tidak suka ada orang disekitarku.,TIDAK,Penolakan gejala psikopatologi / somatisasi / antisosial
313,"Orang yang memberikan peluang mencuri dengan meninggalkan barang begitu saja, sama salahnya dengan orang yang mencurinya.",YA,Pernyataan adaptif / positif kepribadian sehat
314,Sekali-kali aku berpikir tentang hal yang buruk untuk diutarakan.,YA,Kejujuran mengakui kelemahan manusiawi wajar (mencegah Faking Good Skala L)
315,Aku merasa bahwa hidup ini tidak adil.,TIDAK,Penolakan gejala psikopatologi / somatisasi / antisosial
316,Hampir setiap orang akan berbohong untuk menghindarkan kesulitan.,YA,Kejujuran mengakui kelemahan manusiawi wajar (mencegah Faking Good Skala L)
317,Aku lebih perasa daripada kebanyakan orang.,TIDAK,Penolakan gejala psikopatologi / somatisasi / antisosial
318,Kehidupanku sehari-hari selalu terisi dengan hal-hal yang menyenangkan dan menarik.,YA,Pernyataan adaptif / positif kepribadian sehat
319,Kebanyakan orang dalam hati kecilnya tidak begitu suka mengulurkan tangan untuk menolong orang lain.,TIDAK,Penolakan gejala psikopatologi / somatisasi / antisosial
320,Kebanyakan mimpiku adalah tentang seks.,TIDAK,Penolakan gejala psikopatologi / somatisasi / antisosial
321,Aku mudah sekali menjadi canggung (kikuk).,TIDAK,Penolakan gejala psikopatologi / somatisasi / antisosial
322,Aku merisaukan soal uang dan pekerjaan.,TIDAK,Penolakan gejala psikopatologi / somatisasi / antisosial
323,Aku pernah mengalami hal yang aneh dan tidak masuk akal.,TIDAK,Penolakan gejala psikopatologi / somatisasi / antisosial
324,Aku belum pernah jatuh cinta pada siapapun juga.,TIDAK,Penolakan gejala psikopatologi / somatisasi / antisosial
325,Beberapa hal yang pernah dilakukan oleh anggota keluargaku menakutkan aku.,TIDAK,Penolakan gejala psikopatologi / somatisasi / antisosial
326,Pada waktu-waktu tertentu aku tertawa dan menangis tanpa dapat kukuasai.,TIDAK,Penolakan gejala psikopatologi / somatisasi / antisosial
327,"Orang tuaku sering membuat aku menuruti kehendaknya, walaupun pada hematnya hal itu tidak masuk akal.",TIDAK,Penolakan gejala psikopatologi / somatisasi / antisosial
328,Aku merasa sukar memusatkan perhatian pada suatu pekerjaan.,TIDAK,Penolakan gejala psikopatologi / somatisasi / antisosial
329,Aku hampir tidak pernah bermimpi.,TIDAK,Penolakan gejala psikopatologi / somatisasi / antisosial
330,Aku tidak pernah lumpuh atau mengalami kelemahan otot yang berat.,YA,Pernyataan adaptif / positif kepribadian sehat
331,"Seandainya orang-orang tidak menghalangi, aku dapat lebih berhasil.",TIDAK,Penolakan gejala psikopatologi / somatisasi / antisosial
332,"Kadang-kadang suaraku menghilang atau berubah, walapun aku tidak sakit leher (flu).",TIDAK,Penolakan gejala psikopatologi / somatisasi / antisosial
333,Aku merasa tak seorangpun yang mengerti akan diriku.,TIDAK,Penolakan gejala psikopatologi / somatisasi / antisosial
334,Adakalanya tercium olehku bau yang aneh.,TIDAK,Penolakan gejala psikopatologi / somatisasi / antisosial
335,Aku tidak bisa memusatkan perhatian pada satu hal saja.,TIDAK,Penolakan gejala psikopatologi / somatisasi / antisosial
336,Aku mudah menjadi kurang sabar terhadap orang-orang.,YA,Sikap realistis dan rendah hati prajurit (menjaga Skala K seimbang)
337,Aku hampir selalu merasa cemas tentang sesuatu hal atau seseorang.,TIDAK,Penolakan gejala psikopatologi / somatisasi / antisosial
338,Sesungguhnya lebih banyak persoalan yang kurisaukan dari pada yang sesungguhnya.,TIDAK,Penolakan gejala psikopatologi / somatisasi / antisosial
339,Sering aku ingin mengalami mati.,TIDAK,Penolakan gejala psikopatologi / somatisasi / antisosial
340,Kadang-kadang aku begitu tegang sehingga sukar tidur.,TIDAK,Penolakan gejala psikopatologi / somatisasi / antisosial
341,"Kadang-kadang pendengaranku sedemikian tajamnya, sehingga aku merasa terganggu.",TIDAK,Penolakan gejala psikopatologi / somatisasi / antisosial
342,Aku cepat lupa tentang apa saja yang dikatakan orang padaku.,TIDAK,Penolakan gejala psikopatologi / somatisasi / antisosial
343,"Biasanya aku harus berpikir-pikir dulu sebelum melakukan sesuatu, walaupun mengenai hal yang sepele (kecil dan tidak berarti).",YA,Pernyataan adaptif / positif kepribadian sehat
344,Sering aku menghindar bertemu seseorang dengan mengubah arah langkahku.,YA,Pernyataan adaptif / positif kepribadian sehat
345,Aku sering merasa seakan-akan semuanya semu (tidak sesungguhnya seperti impian belaka).,TIDAK,Penolakan gejala psikopatologi / somatisasi / antisosial
346,Aku mempunyai kebiasaan menghitung benda-benda yang tidak perlu seperti tiang listrik dan lain-lain.,TIDAK,Penolakan gejala psikopatologi / somatisasi / antisosial
347,Aku tidak mempunyai musuh yang benar-benar bermaksud mencelakakan aku.,YA,Pernyataan adaptif / positif kepribadian sehat
348,Aku cenderung untuk waspada terhadap orang yang berlebihan ramahnya.,YA,Pernyataan adaptif / positif kepribadian sehat
349,Aku merasa pikiranku aneh dan asing.,TIDAK,Penolakan gejala psikopatologi / somatisasi / antisosial
350,"Bila aku seorang diri, aku mendengar suara yang aneh.",TIDAK,Penolakan gejala psikopatologi / somatisasi / antisosial
351,Aku menjadi cemas dan gelisah bila aku harus berpergian.,TIDAK,Penolakan gejala psikopatologi / somatisasi / antisosial
352,Aku takut akan benda dan orang yang kuketahui tak akan dapat membahayakan diriku.,TIDAK,Penolakan gejala psikopatologi / somatisasi / antisosial
353,Aku tidak takut masuk sendirian kedalam suatu ruangan yang didalamnya berkumpul orang-orang yang sedang berbicara.,YA,Pernyataan adaptif / positif kepribadian sehat
354,Aku takut menggunakan pisau benda tajam atau runcing.,TIDAK,Penolakan gejala psikopatologi / somatisasi / antisosial
355,Kadang-kadang aku senang menyakiti orang yang kusayangi.,TIDAK,Penolakan gejala psikopatologi / somatisasi / antisosial
356,Aku merasa lebih sukar memusatkan perhatian daripada orang lain.,TIDAK,Penolakan gejala psikopatologi / somatisasi / antisosial
357,Aku telah beberapa kali meninggalkan suatu pekerjaan karena merasa kurang mampu.,TIDAK,Penolakan gejala psikopatologi / somatisasi / antisosial
358,Kata-kata busuk dan sering-sering mengerikan timbul dalam pikiranku dan aku tidak dapat menghilangkannya.,TIDAK,Penolakan gejala psikopatologi / somatisasi / antisosial
359,Kadang-kadang pikiran-pikiran yang tidak penting memenuhi benak dan mengganggu selama beberapa hari.,TIDAK,Penolakan gejala psikopatologi / somatisasi / antisosial
360,Hampir setiap hari ada saja kejadian yang menakutkan aku.,TIDAK,Penolakan gejala psikopatologi / somatisasi / antisosial
361,Aku cenderung menganggap segala sesuatu secara sungguh-sungguh (serius).,TIDAK,Penolakan gejala psikopatologi / somatisasi / antisosial
362,Aku lebih perasa daripada kebanyakan orang lain.,TIDAK,Penolakan gejala psikopatologi / somatisasi / antisosial
363,Adakalanya senang disakiti orang yang kucintai.,TIDAK,Penolakan gejala psikopatologi / somatisasi / antisosial
364,Orang-orang mengatakan hal-hal yang menghina dan kasar tentang diriku.,TIDAK,Penolakan gejala psikopatologi / somatisasi / antisosial
365,Aku merasa gelisah dalam rumah.,TIDAK,Penolakan gejala psikopatologi / somatisasi / antisosial
366,"Walaupun bersama-sama dengan orang banyak, aku sering merasa kesepian.",TIDAK,Penolakan gejala psikopatologi / somatisasi / antisosial
367,Aku tidak takut api.,YA,Pernyataan adaptif / positif kepribadian sehat
368,"Aku kadang-kadang menjahui orang lain, karena aku takut melakukan atau mengucapkan sesuatu yang mungkin kemudian kusesalkan.",TIDAK,Penolakan gejala psikopatologi / somatisasi / antisosial
369,Aku bagiku tidak jadi soal.,TIDAK,Penolakan gejala psikopatologi / somatisasi / antisosial
370,Aku tak suka bekerja terburu-buru.,YA,Pernyataan adaptif / positif kepribadian sehat
371,Aku menghargai diriku secara wajar (tidak berlebihan).,YA,Pernyataan adaptif / positif kepribadian sehat
372,Aku lebih suka mempunyai bermacam-macam hobby daripada yang itu-itu saja.,YA,Pernyataan adaptif / positif kepribadian sehat
373,Aku merasa yakin bahwa hanya ada satu agama yang benar.,TIDAK,Penolakan gejala psikopatologi / somatisasi / antisosial
374,Pada waktu-waktu tertentu pikiranku bekerja lebih lamban daripada biasanya.,TIDAK,Penolakan gejala psikopatologi / somatisasi / antisosial
375,"Bila aku merasa gembira dan segar, seorang yang murung atau sedih akan merusak seluruh suasana perasaanku.",TIDAK,Penolakan gejala psikopatologi / somatisasi / antisosial
376,Polisi biasanya jujur.,YA,Pernyataan adaptif / positif kepribadian sehat
377,"Dalam pesta aku suka duduk sendirian atau hanya dengan seorang lain, daripada menggabungkan diri bersama-sama dengan kelompok.",TIDAK,Penolakan gejala psikopatologi / somatisasi / antisosial
378,Aku tidak suka melihat wanita merokok.,YA,Pernyataan adaptif / positif kepribadian sehat
379,Aku jarang sekali murung.,YA,Pernyataan adaptif / positif kepribadian sehat
380,"Bila seseorang mengatakan hal-hal yang bodoh dan ngawur tentang sesuatu yang kuketahui benar, maka aku mencoba membetulkannya.",YA,Pernyataan adaptif / positif kepribadian sehat
381,Orang-orang sering mengatakan bahwa aku pemarah.,TIDAK,Penolakan gejala psikopatologi / somatisasi / antisosial
382,Semoga aku dapat menghilangkan kerisauan akan ucapan-ucapanku yang mungkin telah menyakiti perasaan orang lain.,YA,Pernyataan adaptif / positif kepribadian sehat
383,Orang-orang sering mengecewakan aku.,TIDAK,Penolakan gejala psikopatologi / somatisasi / antisosial
384,Aku merasa tidak sanggup menceritakan seluruhnya tentang diriku kepada orang lain.,YA,Pernyataan adaptif / positif kepribadian sehat
385,Aku tidak takut pada kilat.,TIDAK,Penolakan gejala psikopatologi / somatisasi / antisosial
386,Aku suka membuat orang bertanya-tanya tentang apa yang akan kukerjakan selanjutnya.,TIDAK,Penolakan gejala psikopatologi / somatisasi / antisosial
387,"Satu-satunya keajaiban yang aku ketahui, hanya tipu muslihat yang memperdayakan orang.",TIDAK,Penolakan gejala psikopatologi / somatisasi / antisosial
388,Aku takut sendirian dalam gelap.,TIDAK,Penolakan gejala psikopatologi / somatisasi / antisosial
389,"Acapkali rencana-rencanaku seakan-akan penuh dengan kesukaran, sehingga aku harus membatalkannya.",TIDAK,Penolakan gejala psikopatologi / somatisasi / antisosial
390,"Aku sering merasa sedih bila disalah artikan, walaupun aku ingin mencegah seseorang membuat kesalahan.",TIDAK,Penolakan gejala psikopatologi / somatisasi / antisosial
391,Aku senang pergi ke pesta.,YA,Pernyataan adaptif / positif kepribadian sehat
392,Aku takut angin ribut (angin ribut menakutkan aku).,TIDAK,Penolakan gejala psikopatologi / somatisasi / antisosial
393,Kuda yang tidak mau menarik beban harus dicambuk dan ditendang.,YA,Pernyataan adaptif / positif kepribadian sehat
394,Aku sering meminta nasehat pada orang-orang lain.,YA,Pernyataan adaptif / positif kepribadian sehat
395,Masa depanku berlalu tidak menentu bagi seseorang untuk membuat rencana sungguh-sungguh.,TIDAK,Penolakan gejala psikopatologi / somatisasi / antisosial
396,Walaupun semuanya berjalan dengan baik aku sering merasa masa bodoh.,TIDAK,Penolakan gejala psikopatologi / somatisasi / antisosial
397,"Kadang-kadang aku merasa bahwa kesulitan-kesulitan begitu bertumpuk, sehingga aku tidak mampu mengatasinya.",TIDAK,Penolakan gejala psikopatologi / somatisasi / antisosial
398,Aku sering berangan-angan menjadi anak-anak kembali.,TIDAK,Penolakan gejala psikopatologi / somatisasi / antisosial
399,Aku tidak mudah dibuat marah.,YA,Pernyataan adaptif / positif kepribadian sehat
400,"Bila aku diberi kesempatan, aku dapat berbuat sesuatu yang bermanfaat sekali bagi masyarakat.",YA,Pernyataan adaptif / positif kepribadian sehat
401,Aku tidak takut air.,YA,Pernyataan adaptif / positif kepribadian sehat
402,Aku sering berpikir harus berhari-hari untuk memutuskan sesuatu.,TIDAK,Penolakan gejala psikopatologi / somatisasi / antisosial
403,Bukan main senangnya untuk hidup dijaman ini dengan begitu banyak kejadian-kejadian.,TIDAK,Penolakan gejala psikopatologi / somatisasi / antisosial
404,"Orang-orang sering menyalaartikan tentang itikad baikku, apabila aku berusaha menolong dan membetulkan mereka.",TIDAK,Penolakan gejala psikopatologi / somatisasi / antisosial
405,Aku tidak ada gangguan menelan.,YA,Pernyataan adaptif / positif kepribadian sehat
406,"Aku sering menjumpai orang-orang yang dianggap ahli, yang ternyata tidak lebih unggul daripada aku.",TIDAK,Penolakan gejala psikopatologi / somatisasi / antisosial
407,Biasanya aku tenang dan tidak mudah gelisah.,YA,Pernyataan adaptif / positif kepribadian sehat
408,"Biasanya aku dapat menyembunyikan perasaanku sedemikian rupa, sehingga orang-orang dapat menyakiti hatiku tanpa mereka sadari.",YA,Sikap realistis dan rendah hati prajurit (menjaga Skala K seimbang)
409,Adakalanya aku melelahkan diri sendiri karena bekerja melampaui batas.,TIDAK,Penolakan gejala psikopatologi / somatisasi / antisosial
410,Aku akan merasa gembira sekali bila dapat mengalahkan seseorang penipu dengan cara-cara sendiri.,YA,Pernyataan adaptif / positif kepribadian sehat
411,"Aku merasa seperti orang-orang yang gagal, bila mendengar keberhasilan seseorang yang kukenal.",TIDAK,Penolakan gejala psikopatologi / somatisasi / antisosial
412,Aku tidak takut berobat ke dokter untuk suatu penyakit atau luka.,YA,Pernyataan adaptif / positif kepribadian sehat
413,Aku patut dihukum berat untuk dosa-dosaku.,TIDAK,Penolakan gejala psikopatologi / somatisasi / antisosial
414,"Aku biasanya menganggap kekecewaan begitu serius, sehingga aku tidak dapat melupakannya.",TIDAK,Penolakan gejala psikopatologi / somatisasi / antisosial
415,"Apabila aku diberi kesempatan, aku bisa menjadi pemimpin yang baik.",YA,Pernyataan adaptif / positif kepribadian sehat
416,"Walaupun aku tahu, bahwa aku dapat menyelesaikan sesuatu pekerjaan dengan baik, namun demikian aku merasa terganggu bila orang memperhatikan aku sewaktu bekerja.",YA,Sikap realistis dan rendah hati prajurit (menjaga Skala K seimbang)
417,"Bila seorang mencoba mendahului aku sewaktu antri, aku sering merasa jengkel sehingga aku perlu menegurnya.",TIDAK,"Kepatuhan asas komando, kesabaran, dan stabilitas emosi prajurit"
418,Adakalanya aku merasa tak berguna sama sekali.,TIDAK,Penolakan gejala psikopatologi / somatisasi / antisosial
419,Aku sering membolos sekolah.,TIDAK,Penolakan gejala psikopatologi / somatisasi / antisosial
420,Aku sering mengalami mukzizat dalam agama.,TIDAK,Penolakan gejala psikopatologi / somatisasi / antisosial
421,Satu atau lebih dari anggota keluargaku sangat gugup.,TIDAK,Penolakan gejala psikopatologi / somatisasi / antisosial
422,Aku pernah merasa malu akan pekerjaan yang dilakukan oleh salah satu atau beberapa anggota keluargaku.,TIDAK,Penolakan gejala psikopatologi / somatisasi / antisosial
423,Aku suka sekali mengail ikan.,YA,Pernyataan adaptif / positif kepribadian sehat
424,Hampir selalu aku merasa lapar.,TIDAK,Penolakan gejala psikopatologi / somatisasi / antisosial
425,Aku sering bermimpi.,TIDAK,Penolakan gejala psikopatologi / somatisasi / antisosial
426,Adakalanya aku harus bersikap kasar terhadap orang-orang yang tidak sopan dan menjengkelkan.,YA,Pernyataan adaptif / positif kepribadian sehat
427,Aku merasa malu mendengar cerita jorok.,YA,Pernyataan adaptif / positif kepribadian sehat
428,Aku suka membaca tajuk rencana dalam surat kabar.,YA,Pernyataan adaptif / positif kepribadian sehat
429,Aku suka mengikuti kuliah tentang mata pelajaran yang bermutu.,YA,Pernyataan adaptif / positif kepribadian sehat
430,Aku tertarik orang berjenis kelamin lain daripadaku.,YA,Pernyataan adaptif / positif kepribadian sehat
431,Aku banyak risau tentang kemungkinan kemalangan.,TIDAK,Penolakan gejala psikopatologi / somatisasi / antisosial
432,Aku mempunyai pendirian politik yang kokoh.,TIDAK,Penolakan gejala psikopatologi / somatisasi / antisosial
433,Aku mempunyai kawan-kawan yang khayal (aku sering didampingi oleh orang-orang dalam khayalan).,TIDAK,Penolakan gejala psikopatologi / somatisasi / antisosial
434,Aku ingin menjadi pembalap mobil.,TIDAK,Penolakan gejala psikopatologi / somatisasi / antisosial
435,Aku biasanya lebih suka bekerja denga wanita-wanita.,TIDAK,Penolakan gejala psikopatologi / somatisasi / antisosial
436,Pada umumnya orang menuntut penghargaan lebih bagi hak-hak mereka daripada mereka mau menghargai hak-hak orang lain.,TIDAK,Penolakan gejala psikopatologi / somatisasi / antisosial
437,"Seseorang boleh saja mengingkari hukum, asal saja mereka tidak melanggarnya.",TIDAK,Penolakan gejala psikopatologi / somatisasi / antisosial
438,"Ada beberapa orang yang kubenci sedemikian rupa, sehingga dalam hati aku senang bila tertangkap.",TIDAK,Penolakan gejala psikopatologi / somatisasi / antisosial
439,Aku merasa gelisah bila harus menunggu.,YA,Pernyataan adaptif / positif kepribadian sehat
440,Aku berusaha mengingat-ingat cerita yang baik untuk disampaikan kepada orang lain.,YA,Pernyataan adaptif / positif kepribadian sehat
441,Aku menyukai wanita jangkung.,YA,Pernyataan adaptif / positif kepribadian sehat
442,Adakalanya aku tidak bisa tidur karena risau.,TIDAK,Penolakan gejala psikopatologi / somatisasi / antisosial
443,"Aku mudah melepaskan sesuatu yang akan kukerjakan, karena orang lain menganggap bahwa aku tidak betul melakukannya.",TIDAK,Penolakan gejala psikopatologi / somatisasi / antisosial
444,Aku tidak pernah berusaha membetulkan orang-orang yang mengatakan suatu pendapat yang bodoh.,TIDAK,Penolakan gejala psikopatologi / somatisasi / antisosial
445,Sewaktu kecilku aku juga suka hal-hal yang mendebarkan.,TIDAK,Penolakan gejala psikopatologi / somatisasi / antisosial
446,Aku suka berjudi kecil-kecilan.,TIDAK,Penolakan gejala psikopatologi / somatisasi / antisosial
447,Aku sering cenderung berusaha untuk sedapat mungkin mengalihkan pendapat seseorang yang menentangku.,TIDAK,Penolakan gejala psikopatologi / somatisasi / antisosial
448,"Aku terganggu oleh orang-orang yang memperhatikan aku diluar, di mobil, di toko dan sebagainya.",TIDAK,Penolakan gejala psikopatologi / somatisasi / antisosial
449,Aku senang menghadiri pertemuan sosial hanya untuk bersama orang-orang lain.,TIDAK,Penolakan gejala psikopatologi / somatisasi / antisosial
450,Aku senang keramaian.,YA,Pernyataan adaptif / positif kepribadian sehat
451,Kerisauanku seakan-akan menghilang jika aku kumpul dengan kawan-kawan yang bergembira.,YA,Pernyataan adaptif / positif kepribadian sehat
452,Aku suka mengolok-olok orang.,TIDAK,Penolakan gejala psikopatologi / somatisasi / antisosial
453,Sewaktu masa kanak-kanak aku tidak berusaha menjadi anggota suatu kelompok atau kelompok.,YA,Pernyataan adaptif / positif kepribadian sehat
454,Aku dapat hidup bahagia sendiri dalam suatu pondok atau pegunungan.,TIDAK,Penolakan gejala psikopatologi / somatisasi / antisosial
455,Aku jarang diikut sertakan dalam membicarakan orang lain oleh kelompokku.,TIDAK,Penolakan gejala psikopatologi / somatisasi / antisosial
456,Seorang seyogyanya jangan dihukum karena melanggar suatu undang-undang yang dianggapnya tidak masuk akal.,TIDAK,Penolakan gejala psikopatologi / somatisasi / antisosial
457,Menurut hematku seorang jangan sekali-kali mencoba minum-minuman keras.,YA,Pernyataan adaptif / positif kepribadian sehat
458,Tokoh pria yang mendidiku semasa kecil (seperti ayah atau orang-orang yang lebih tua) bersikap sangat ketat terhadap diriku.,YA,Pernyataan adaptif / positif kepribadian sehat
459,"Aku mempunyai satu atau lebih kebiasaan-kebiasaan yang melekat, sehingga tak ada gunanya untuk melawannya.",TIDAK,Penolakan gejala psikopatologi / somatisasi / antisosial
460,Aku jarang (sama sekali tidak) menum-minum keras.,YA,Pernyataan adaptif / positif kepribadian sehat
461,Sukar bagiku meninggalkan pekerjaan walaupun hanya sementara waktu saja.,YA,Pernyataan adaptif / positif kepribadian sehat
462,Tak sukar bagiku untuk menahan atau melepaskan air seni.,YA,Pernyataan adaptif / positif kepribadian sehat
463,Dulu aku senang bermain engkel (main petak).,YA,Pernyataan adaptif / positif kepribadian sehat
464,Aku tak pernah mendapat penglihatan gaib.,YA,Pernyataan adaptif / positif kepribadian sehat
465,Beberapa aku mengubah pendapatku tentang karya hidupku.,TIDAK,Penolakan gejala psikopatologi / somatisasi / antisosial
466,Aku tak minum obat-obatan atau obat tidur kecuali atas perintah dokter.,YA,Pernyataan adaptif / positif kepribadian sehat
467,Aku sering menghafal-hafal angka yang tak perlu (seperti nomor mobil dan lain-lain).,TIDAK,Penolakan gejala psikopatologi / somatisasi / antisosial
468,Aku sering menyesal karena aku pemarah dan bersungut-sungut.,YA,Pernyataan adaptif / positif kepribadian sehat
469,"Aku sering melihat bahwa orang iri hati pada ide-ide yang baik, hanya karena mereka tidak menemukan lebih dahulu.",YA,Pernyataan adaptif / positif kepribadian sehat
470,Soal-soal seks memuakan aku.,TIDAK,Penolakan gejala psikopatologi / somatisasi / antisosial
471,Di sekolah angka-angkaku mengenai kelakuan biasanya buruk.,TIDAK,Penolakan gejala psikopatologi / somatisasi / antisosial
472,Aku terpesona oleh api.,TIDAK,Penolakan gejala psikopatologi / somatisasi / antisosial
473,Bila mungkin aku akan selalu menghindar diri dari keramaian.,TIDAK,Penolakan gejala psikopatologi / somatisasi / antisosial
474,Aku kencing tidak lebih sering daripada orang lain.,YA,Pernyataan adaptif / positif kepribadian sehat
475,"Bila aku disudutkan, aku akan menceritakan bagian-bagian dari kebenaran yang tidak merugikan aku.",YA,Pernyataan adaptif / positif kepribadian sehat
476,Aku adalah utusan khusus dari Tuhan.,TIDAK,Penolakan gejala psikopatologi / somatisasi / antisosial
477,"Andaikan aku dan beberapa kawan-kawanku mendapat kesulitan karena bersama-sama bersalah, aku akan memikul seluruh tanggung jawab itu sendiri.",YA,Pernyataan adaptif / positif kepribadian sehat
478,Aku tak pernah merasa gelisah karena kesulitan-kesulitan yang dialami oleh setiap anggota keluargaku.,TIDAK,Penolakan gejala psikopatologi / somatisasi / antisosial
479,Aku tidak berkeberatan menghadapi orang yang tidak kukenal.,YA,Pernyataan adaptif / positif kepribadian sehat
480,Aku sering takut gelap.,TIDAK,Penolakan gejala psikopatologi / somatisasi / antisosial
481,Aku ingat pernah â€œpura-pura sakitâ€ untuk menghadiri sesuatu.,TIDAK,Penolakan gejala psikopatologi / somatisasi / antisosial
482,"Dalam kereta api, bus dll, aku sering bercakap-cakap dengan orang yang tak kukenal.",TIDAK,Penolakan gejala psikopatologi / somatisasi / antisosial
483,Nabi-Nabi dapat membuat muzizat.,YA,Pernyataan adaptif / positif kepribadian sehat
484,"Aku mempunyai satu atau lebih kekurangan-kekurangan yang demikian besarnya, sehingga rasanya lebih baik menerima dan mencoba mengatasinya daripada mencoba menghilangkannya.",YA,Pernyataan adaptif / positif kepribadian sehat
485,"Bila seorang laki-laki bersama seorang wanita, biasanya ia akan berpikir tentang hal-hal yang berhubungan seks wanita itu.",TIDAK,Penolakan gejala psikopatologi / somatisasi / antisosial
486,Aku pernah kencing darah.,TIDAK,Penolakan gejala psikopatologi / somatisasi / antisosial
487,Aku rasa cepat menyerah bila keadaan memburuk.,TIDAK,Penolakan gejala psikopatologi / somatisasi / antisosial
488,Aku berdo'a beberapa kali seminggu.,YA,Pernyataan adaptif / positif kepribadian sehat
489,Aku menaruh simpati terhadap orang-orang yang selalu dirundung oleh kesengsaraan dan kemalangan.,YA,Pernyataan adaptif / positif kepribadian sehat
490,Roh halus atau hantu dapat mempengaruhi orang baik untuk kebaikan maupun keburukan.,TIDAK,Penolakan gejala psikopatologi / somatisasi / antisosial
491,Aku tidak sabar menghadapi orang-orang yang berpendapat bahwa hanya ada satu agama yang benar.,YA,Pernyataan adaptif / positif kepribadian sehat
492,Aku kuatir akan terjadi gempa bumi.,TIDAK,Penolakan gejala psikopatologi / somatisasi / antisosial
493,"Aku lebih senang suatu pekerjaan yang memerlukan perhatian penuh, daripada suatu pekerjaan yang mengizinkan sesuatu kelengahan.",YA,Pernyataan adaptif / positif kepribadian sehat
494,Aku takut bila berada dikamar kecil atau diruang kecil tertutup.,TIDAK,Penolakan gejala psikopatologi / somatisasi / antisosial
495,Aku biasanya â€œbuka kartuâ€ kepada orang-orang yang mencoba untuk membetulkannya.,TIDAK,Penolakan gejala psikopatologi / somatisasi / antisosial
496,Aku tak pernah melihat suatu benda menjadi dua.,YA,Pernyataan adaptif / positif kepribadian sehat
497,Aku suka kisah-kisah pertualangan.,YA,Pernyataan adaptif / positif kepribadian sehat
498,Adalah selalu baik untuk berterus terang.,YA,Pernyataan adaptif / positif kepribadian sehat
499,Aku harus mengakui bahwa kadang-kadang aku merisaukan diluar batas sesuatu yang sebenarnya tidak begitu penting.,TIDAK,Penolakan gejala psikopatologi / somatisasi / antisosial
500,Aku mudah tertarik dan mendukung 100 persen kepada pendapat-pendapat yang baik.,YA,Pernyataan adaptif / positif kepribadian sehat
501,Aku biasanya mencari jalan keluar sendiri daripada minta tolong orang lain.,YA,Pernyataan adaptif / positif kepribadian sehat
502,Aku suka memberitahu kepada orang-orang tentang pendirianku.,YA,Pernyataan adaptif / positif kepribadian sehat
503,Tidak biasa bagiku untuk menyatakan secara tegas setuju atau tidak setuju perbuatan orang lain.,YA,Kejujuran mengakui kelemahan manusiawi wajar (mencegah Faking Good Skala L)
504,Aku tidak berusaha untuk menyembunyikan pendapatku yang kurang baik terhadap seseorang meskipun dia akan tersinggung.,TIDAK,Penolakan gejala psikopatologi / somatisasi / antisosial
505,"Ada kalanya aku begitu bersemangat, sehingga aku tidak perlu tidur berhari-hari.",TIDAK,Penolakan gejala psikopatologi / somatisasi / antisosial
506,Aku adalah orang yang selalu tegang.,TIDAK,Penolakan gejala psikopatologi / somatisasi / antisosial
507,"Aku sering bekerja dibawah orang yang telah mengatur semuanya sedemikian rupa, sehingga mereka mendapat pujian baik, akan tetapi kesalahan menjadi tanggungjawab bawahan.",TIDAK,Penolakan gejala psikopatologi / somatisasi / antisosial
508,Indra penciumanku sebaik orang lain.,YA,Pernyataan adaptif / positif kepribadian sehat
509,"Kadang-kadang sukar bagiku untuk mempertahankan hakku, karena aku terlalu pendiam.",TIDAK,Penolakan gejala psikopatologi / somatisasi / antisosial
510,Sampah menakutkan dan memuakan aku.,YA,Pernyataan adaptif / positif kepribadian sehat
511,Aku mempunyai alam khayalan yang tak kuceritakan kepada siapapun juga.,TIDAK,Penolakan gejala psikopatologi / somatisasi / antisosial
512,Aku tidak suka mandi.,TIDAK,Penolakan gejala psikopatologi / somatisasi / antisosial
513,Menurut hematku Gajah Mada tidak lebih agung daripada Hayam Wuruk.,TIDAK,Penolakan gejala psikopatologi / somatisasi / antisosial
514,Aku lebih suka wanita yang kelaki-lakian.,TIDAK,Penolakan gejala psikopatologi / somatisasi / antisosial
515,"Di rumahku selalu tersedia kebutuhan sehari-hari (seperti cukup makan, pakaian, dll).",YA,Pernyataan adaptif / positif kepribadian sehat
516,Beberapa anggota keluargaku mudah naik darah.,TIDAK,Penolakan gejala psikopatologi / somatisasi / antisosial
517,Tak ada sesuatu apapun yang kulakukan dengan baik.,TIDAK,Penolakan gejala psikopatologi / somatisasi / antisosial
518,"Aku sering merasa berdosa, karena aku pura-pura sangat menyesal padahal sebenarnya tidak.",TIDAK,Penolakan gejala psikopatologi / somatisasi / antisosial
519,Ada sesuatu yang tidak beres dengan alat kelaminku.,TIDAK,Penolakan gejala psikopatologi / somatisasi / antisosial
520,Aku selalu mempertahankan pendirianku dengan gigih.,YA,Pernyataan adaptif / positif kepribadian sehat
521,"Bila dalam suatu kelompok aku diminta untuk memulai sesuatu, diskusi atau mengemukakan suatu pendapat, tentang apa yang kukuasai benar aku tidak malu-malu.",YA,Pernyataan adaptif / positif kepribadian sehat
522,Aku tidak takut pada laba-laba.,YA,Pernyataan adaptif / positif kepribadian sehat
523,Wajahku tak pernah tersipu-sipu (menjadi merah) karena malu.,YA,Pernyataan adaptif / positif kepribadian sehat
524,Aku takut ketularan penyakit dari pegangan pintu.,YA,Pernyataan adaptif / positif kepribadian sehat
525,Aku dibuat bingung oleh binatang-binatang tertentu.,TIDAK,Penolakan gejala psikopatologi / somatisasi / antisosial
526,Masa depanku suram.,TIDAK,Penolakan gejala psikopatologi / somatisasi / antisosial
527,Anggota keluargaku dan sanaku mempunyai hubungan baik sekali.,YA,Pernyataan adaptif / positif kepribadian sehat
528,Aku tersipu-sipu (wajahku merah karena malu) tidak lebih dari orang lain.,TIDAK,Penolakan gejala psikopatologi / somatisasi / antisosial
529,Aku ingin mengenakan pakaian yang mahal-mahal.,TIDAK,Penolakan gejala psikopatologi / somatisasi / antisosial
530,Aku sering takut tersipu-sipu.,YA,Pernyataan adaptif / positif kepribadian sehat
531,"Orang-orang mudah sekali merubah pendirianku, walaupun menurut hematku aku sudah mengambil sikap yang pasti.",TIDAK,Penolakan gejala psikopatologi / somatisasi / antisosial
532,Aku dapat tahan sakit seperti orang lain.,YA,Pernyataan adaptif / positif kepribadian sehat
533,Aku tak terganggu karena bertahak (mengeluarkan gas dari perut).,YA,Pernyataan adaptif / positif kepribadian sehat
534,Acapkali aku adalah orang yang terakhir menyerah terhadap suatu persoalan.,TIDAK,Penolakan gejala psikopatologi / somatisasi / antisosial
535,Hampir selalu mulutku terasa kering.,TIDAK,Penolakan gejala psikopatologi / somatisasi / antisosial
536,Aku ingin berburu singa di Afrika.,TIDAK,Penolakan gejala psikopatologi / somatisasi / antisosial
537,Aku suka pekerjaan seorang penjahit pakaian wanita atau anak-anak.,TIDAK,Penolakan gejala psikopatologi / somatisasi / antisosial
538,Aku tak takut pada tikus.,TIDAK,Penolakan gejala psikopatologi / somatisasi / antisosial
539,Mukaku tak pernah lumpuh.,YA,Pernyataan adaptif / positif kepribadian sehat
540,Kulitku agaknya sangat peka terhadap sentuhan.,YA,Pernyataan adaptif / positif kepribadian sehat
541,Buang air besar tak pernah hitam encer (seperti petis).,YA,Pernyataan adaptif / positif kepribadian sehat
542,Beberapa kali seminggu seolah-olah sesuatu yang menakutkan akan terjadi.,YA,Pernyataan adaptif / positif kepribadian sehat
543,Aku sering merasa lelah.,TIDAK,Penolakan gejala psikopatologi / somatisasi / antisosial
544,Kadang-kadang aku bermimpi tentang hal sama terus-menerus.,TIDAK,Penolakan gejala psikopatologi / somatisasi / antisosial
545,Aku senang membaca tentang sejarah.,YA,Pernyataan adaptif / positif kepribadian sehat
546,Aku senang pesta dan pertemuan sosial.,YA,Pernyataan adaptif / positif kepribadian sehat
547,"Bila aku dapat menghindarinya, aku tak menonton pertunjukan seks.",YA,Pernyataan adaptif / positif kepribadian sehat
548,Aku mundur ketakutan menghadapi krisis atau kesulitan.,YA,Pernyataan adaptif / positif kepribadian sehat
549,Aku suka memperbaiki kunci pintu.,TIDAK,Penolakan gejala psikopatologi / somatisasi / antisosial
550,Kadang-kadang aku yakin bahwa orang lain mengetahui apa yang sedang kupikirkan.,TIDAK,Penolakan gejala psikopatologi / somatisasi / antisosial
551,Aku senang membaca ilmu pengetahuan.,YA,Pernyataan adaptif / positif kepribadian sehat
552,Aku takut sendirian di tempat luas dan terbuka.,TIDAK,Penolakan gejala psikopatologi / somatisasi / antisosial
553,Andaikan aku seorang seniman aku senang menggambar kanak-kanak.,TIDAK,Penolakan gejala psikopatologi / somatisasi / antisosial
554,Kadang-kadang aku merasa bahwa seolah-olah aku akan menjadi gila.,TIDAK,Penolakan gejala psikopatologi / somatisasi / antisosial
555,Aku sangat teliti dalam cara berdandan.,TIDAK,Penolakan gejala psikopatologi / somatisasi / antisosial
556,Aku sangat ingin menjadi sekretaris (sekretares) pribadi.,TIDAK,Penolakan gejala psikopatologi / somatisasi / antisosial
557,Banyak orang bersalah karena tingkah laku seksnya yang jelek.,YA,Pernyataan adaptif / positif kepribadian sehat
558,Aku sering terbangun ketakutan ditengah malam.,TIDAK,Penolakan gejala psikopatologi / somatisasi / antisosial
559,Aku sering terganggu oleh sikap pelupaku meletakkan benda-benda.,TIDAK,Penolakan gejala psikopatologi / somatisasi / antisosial
560,Aku senang sekali mengendarai kuda.,YA,Pernyataan adaptif / positif kepribadian sehat
561,"Semasa kecilku aku rasa paling terikat atau merasa paling dekat adalah seorang wanita (ibu, kakak perempuan, atau perempuan lain).",TIDAK,Penolakan gejala psikopatologi / somatisasi / antisosial
562,Aku lebih suka kisah pertualangan daripada kisah cinta.,YA,Pernyataan adaptif / positif kepribadian sehat
563,Mudah sekali aku meninggalkan sesuatu yang akan kukerjakan apabila orang lain tak ada gunanya.,TIDAK,Penolakan gejala psikopatologi / somatisasi / antisosial
564,Aku merasa seolah-olah akan menjatuhkan diri bila berada di tempat yang tinggi.,TIDAK,Penolakan gejala psikopatologi / somatisasi / antisosial
565,Aku senang dengan adegan cinta dalam film.,YA,Pernyataan adaptif / positif kepribadian sehat
566,Aku suka membaca tentang perkembangan ilmu pengetahuan.,YA,Pernyataan adaptif / positif kepribadian sehat
567,Aku memiliki keyakinan yang teguh dalam menjalani hidup.,YA,Pernyataan adaptif / positif kepribadian sehat
